alphabet,id,han_num,chinese_name
A,acacia_boat,5,金合欢木船
A,acacia_button,6,金合欢木按钮
A,acacia_chest_boat,7,金合欢木运输船
A,acacia_door,5,金合欢木门
A,acacia_fence,6,金合欢木栅栏
A,acacia_fence_gate,7,金合欢木栅栏门
A,acacia_hanging_sign,10,悬挂式金合欢木告示牌
A,acacia_leaves,5,金合欢树叶
A,acacia_log,5,金合欢原木
A,acacia_planks,5,金合欢木板
A,acacia_pressure_plate,7,金合欢木压力板
A,acacia_sapling,5,金合欢树苗
A,acacia_sign,7,金合欢木告示牌
A,acacia_slab,6,金合欢木台阶
A,acacia_stairs,6,金合欢木楼梯
A,acacia_trapdoor,7,金合欢木活板门
A,acacia_wood,4,金合欢木
A,activator_rail,4,激活铁轨
A,allium,3,绒球葱
A,amethyst_block,4,紫水晶块
A,amethyst_cluster,4,紫水晶簇
A,amethyst_shard,5,紫水晶碎片
A,ancient_debris,4,远古残骸
A,andesite,3,安山岩
A,andesite_slab,5,安山岩台阶
A,andesite_stairs,5,安山岩楼梯
A,andesite_wall,4,安山岩墙
A,angler_pottery_sherd,6,垂钓纹样陶片
A,anvil,2,铁砧
A,apple,2,苹果
A,archer_pottery_sherd,6,弓箭纹样陶片
A,armadillo_scute,4,犰狳鳞甲
A,armor_stand,3,盔甲架
A,arms_up_pottery_sherd,6,举臂纹样陶片
A,arrow,1,箭
A,axolotl_bucket,4,美西螈桶
A,azalea,4,杜鹃花丛
A,azalea_leaves,4,杜鹃树叶
A,azure_bluet,5,蓝花美耳草
B,baked_potato,4,烤马铃薯
B,bamboo,2,竹子
B,bamboo_block,2,竹块
B,bamboo_button,3,竹按钮
B,bamboo_chest_raft,4,运输竹筏
B,bamboo_door,2,竹门
B,bamboo_fence,3,竹栅栏
B,bamboo_fence_gate,4,竹栅栏门
B,bamboo_hanging_sign,7,悬挂式竹告示牌
B,bamboo_mosaic,4,竹马赛克
B,bamboo_mosaic_slab,6,竹马赛克台阶
B,bamboo_mosaic_stairs,6,竹马赛克楼梯
B,bamboo_planks,2,竹板
B,bamboo_pressure_plate,4,竹压力板
B,bamboo_raft,2,竹筏
B,bamboo_sign,4,竹告示牌
B,bamboo_slab,3,竹台阶
B,bamboo_stairs,3,竹楼梯
B,bamboo_trapdoor,4,竹活板门
B,barrel,2,木桶
B,barrier,2,屏障
B,basalt,3,玄武岩
B,beacon,2,信标
B,bee_nest,2,蜂巢
B,beef,3,生牛肉
B,beehive,2,蜂箱
B,beetroot,3,甜菜根
B,beetroot_seeds,4,甜菜种子
B,beetroot_soup,3,甜菜汤
B,bell,1,钟
B,big_dripleaf,5,大型垂滴叶
B,birch_boat,4,白桦木船
B,birch_button,5,白桦木按钮
B,birch_chest_boat,6,白桦木运输船
B,birch_door,4,白桦木门
B,birch_fence,5,白桦木栅栏
B,birch_fence_gate,6,白桦木栅栏门
B,birch_hanging_sign,9,悬挂式白桦木告示牌
B,birch_leaves,4,白桦树叶
B,birch_log,4,白桦原木
B,birch_planks,4,白桦木板
B,birch_pressure_plate,6,白桦木压力板
B,birch_sapling,4,白桦树苗
B,birch_sign,6,白桦木告示牌
B,birch_slab,5,白桦木台阶
B,birch_stairs,5,白桦木楼梯
B,birch_trapdoor,6,白桦木活板门
B,birch_wood,3,白桦木
B,black_banner,4,黑色旗帜
B,black_bed,3,黑色床
B,black_bundle,5,黑色收纳袋
B,black_candle,4,黑色蜡烛
B,black_carpet,4,黑色地毯
B,black_concrete,5,黑色混凝土
B,black_concrete_powder,7,黑色混凝土粉末
B,black_dye,4,黑色染料
B,black_glazed_terracotta,6,黑色带釉陶瓦
B,black_harness,4,黑色挽具
B,black_shulker_box,5,黑色潜影盒
B,black_stained_glass,6,黑色染色玻璃
B,black_stained_glass_pane,7,黑色染色玻璃板
B,black_terracotta,4,黑色陶瓦
B,black_wool,4,黑色羊毛
B,blackstone,2,黑石
B,blackstone_slab,4,黑石台阶
B,blackstone_stairs,4,黑石楼梯
B,blackstone_wall,3,黑石墙
B,blade_pottery_sherd,6,利刃纹样陶片
B,blast_furnace,2,高炉
B,blaze_powder,3,烈焰粉
B,blaze_rod,3,烈焰棒
B,blue_banner,4,蓝色旗帜
B,blue_bed,3,蓝色床
B,blue_bundle,5,蓝色收纳袋
B,blue_candle,4,蓝色蜡烛
B,blue_carpet,4,蓝色地毯
B,blue_concrete,5,蓝色混凝土
B,blue_concrete_powder,7,蓝色混凝土粉末
B,blue_dye,4,蓝色染料
B,blue_egg,4,蓝色鸡蛋
B,blue_glazed_terracotta,6,蓝色带釉陶瓦
B,blue_harness,4,蓝色挽具
B,blue_ice,2,蓝冰
B,blue_orchid,2,兰花
B,blue_shulker_box,5,蓝色潜影盒
B,blue_stained_glass,6,蓝色染色玻璃
B,blue_stained_glass_pane,7,蓝色染色玻璃板
B,blue_terracotta,4,蓝色陶瓦
B,blue_wool,4,蓝色羊毛
B,bolt_armor_trim_smithing_template,4,锻造模板
B,bone,2,骨头
B,bone_block,2,骨块
B,bone_meal,2,骨粉
B,book,1,书
B,bookshelf,2,书架
B,bordure_indented_banner_pattern,7,波纹边旗帜图案
B,bow,1,弓
B,bowl,1,碗
B,brain_coral,4,脑纹珊瑚
B,brain_coral_block,5,脑纹珊瑚块
B,brain_coral_fan,5,脑纹珊瑚扇
B,bread,2,面包
B,breeze_rod,3,旋风棒
B,brewer_pottery_sherd,6,佳酿纹样陶片
B,brewing_stand,3,酿造台
B,brick,2,红砖
B,brick_slab,4,红砖台阶
B,brick_stairs,4,红砖楼梯
B,brick_wall,3,红砖墙
B,bricks,3,红砖块
B,brown_banner,4,棕色旗帜
B,brown_bed,3,棕色床
B,brown_bundle,5,棕色收纳袋
B,brown_candle,4,棕色蜡烛
B,brown_carpet,4,棕色地毯
B,brown_concrete,5,棕色混凝土
B,brown_concrete_powder,7,棕色混凝土粉末
B,brown_dye,4,棕色染料
B,brown_egg,4,棕色鸡蛋
B,brown_glazed_terracotta,6,棕色带釉陶瓦
B,brown_harness,4,棕色挽具
B,brown_mushroom,4,棕色蘑菇
B,brown_mushroom_block,6,棕色蘑菇方块
B,brown_shulker_box,5,棕色潜影盒
B,brown_stained_glass,6,棕色染色玻璃
B,brown_stained_glass_pane,7,棕色染色玻璃板
B,brown_terracotta,4,棕色陶瓦
B,brown_wool,4,棕色羊毛
B,brush,2,刷子
B,bubble_coral,4,气泡珊瑚
B,bubble_coral_block,5,气泡珊瑚块
B,bubble_coral_fan,5,气泡珊瑚扇
B,bucket,2,铁桶
B,bundle,3,收纳袋
B,burn_pottery_sherd,6,烈焰纹样陶片
B,bush,3,灌木丛
C,cactus,3,仙人掌
C,cactus_flower,4,仙人掌花
C,cake,2,蛋糕
C,calcite,3,方解石
C,calibrated_sculk_sensor,7,校频幽匿感测体
C,campfire,2,营火
C,candle,2,蜡烛
C,carrot,3,胡萝卜
C,carrot_on_a_stick,5,胡萝卜钓竿
C,cartography_table,3,制图台
C,carved_pumpkin,4,雕刻南瓜
C,cauldron,3,炼药锅
C,chain,2,锁链
C,chainmail_boots,4,锁链靴子
C,chainmail_chestplate,4,锁链胸甲
C,chainmail_helmet,4,锁链头盔
C,chainmail_leggings,4,锁链护腿
C,charcoal,2,木炭
C,cherry_boat,4,樱花木船
C,cherry_button,5,樱花木按钮
C,cherry_chest_boat,6,樱花木运输船
C,cherry_door,4,樱花木门
C,cherry_fence,5,樱花木栅栏
C,cherry_fence_gate,6,樱花木栅栏门
C,cherry_hanging_sign,9,悬挂式樱花木告示牌
C,cherry_leaves,4,樱花树叶
C,cherry_log,4,樱花原木
C,cherry_planks,4,樱花木板
C,cherry_pressure_plate,6,樱花木压力板
C,cherry_sapling,4,樱花树苗
C,cherry_sign,6,樱花木告示牌
C,cherry_slab,5,樱花木台阶
C,cherry_stairs,5,樱花木楼梯
C,cherry_trapdoor,6,樱花木活板门
C,cherry_wood,3,樱花木
C,chest,2,箱子
C,chest_minecart,4,运输矿车
C,chicken,3,生鸡肉
C,chipped_anvil,5,开裂的铁砧
C,chiseled_bookshelf,4,雕纹书架
C,chiseled_copper,4,雕纹铜块
C,chiseled_deepslate,5,雕纹深板岩
C,chiseled_nether_bricks,6,雕纹下界砖块
C,chiseled_polished_blackstone,6,雕纹磨制黑石
C,chiseled_quartz_block,5,雕纹石英块
C,chiseled_red_sandstone,5,雕纹红砂岩
C,chiseled_resin_bricks,6,雕纹树脂砖块
C,chiseled_sandstone,4,雕纹砂岩
C,chiseled_stone_bricks,4,雕纹石砖
C,chiseled_tuff,5,雕纹凝灰岩
C,chiseled_tuff_bricks,6,雕纹凝灰岩砖
C,chorus_flower,3,紫颂花
C,chorus_fruit,3,紫颂果
C,chorus_plant,4,紫颂植株
C,clay,2,黏土
C,clay_ball,3,黏土球
C,clock,2,时钟
C,closed_eyeblossom,6,闭合的眼眸花
C,coal,2,煤炭
C,coal_block,3,煤炭块
C,coal_ore,3,煤矿石
C,coarse_dirt,2,砂土
C,coast_armor_trim_smithing_template,4,锻造模板
C,cobbled_deepslate,5,深板岩圆石
C,cobbled_deepslate_slab,7,深板岩圆石台阶
C,cobbled_deepslate_stairs,7,深板岩圆石楼梯
C,cobbled_deepslate_wall,6,深板岩圆石墙
C,cobblestone,2,圆石
C,cobblestone_slab,4,圆石台阶
C,cobblestone_stairs,4,圆石楼梯
C,cobblestone_wall,3,圆石墙
C,cobweb,3,蜘蛛网
C,cocoa_beans,3,可可豆
C,cod,3,生鳕鱼
C,cod_bucket,3,鳕鱼桶
C,comparator,5,红石比较器
C,compass,3,指南针
C,composter,3,堆肥桶
C,conduit,4,潮涌核心
C,cooked_beef,2,牛排
C,cooked_chicken,3,熟鸡肉
C,cooked_cod,3,熟鳕鱼
C,cooked_mutton,3,熟羊肉
C,cooked_porkchop,3,熟猪排
C,cooked_rabbit,3,熟兔肉
C,cooked_salmon,3,熟鲑鱼
C,cookie,2,曲奇
C,copper_block,2,铜块
C,copper_bulb,2,铜灯
C,copper_door,2,铜门
C,copper_grate,3,铜格栅
C,copper_ingot,2,铜锭
C,copper_ore,3,铜矿石
C,copper_trapdoor,4,铜活板门
C,cornflower,3,矢车菊
C,cracked_deepslate_bricks,6,裂纹深板岩砖
C,cracked_deepslate_tiles,6,裂纹深板岩瓦
C,cracked_nether_bricks,6,裂纹下界砖块
C,cracked_polished_blackstone_bricks,7,裂纹磨制黑石砖
C,cracked_stone_bricks,4,裂纹石砖
C,crafter,3,合成器
C,crafting_table,3,工作台
C,creaking_heart,4,嘎枝之心
C,creeper_banner_pattern,4,旗帜图案
C,creeper_head,5,苦力怕的头
C,crimson_button,5,绯红木按钮
C,crimson_door,4,绯红木门
C,crimson_fence,5,绯红木栅栏
C,crimson_fence_gate,6,绯红木栅栏门
C,crimson_fungus,3,绯红菌
C,crimson_hanging_sign,9,悬挂式绯红木告示牌
C,crimson_hyphae,4,绯红菌核
C,crimson_nylium,4,绯红菌岩
C,crimson_planks,4,绯红木板
C,crimson_pressure_plate,6,绯红木压力板
C,crimson_roots,4,绯红菌索
C,crimson_sign,6,绯红木告示牌
C,crimson_slab,5,绯红木台阶
C,crimson_stairs,5,绯红木楼梯
C,crimson_stem,4,绯红菌柄
C,crimson_trapdoor,6,绯红木活板门
C,crossbow,1,弩
C,crying_obsidian,6,哭泣的黑曜石
C,cut_copper,4,切制铜块
C,cut_copper_slab,5,切制铜台阶
C,cut_copper_stairs,5,切制铜楼梯
C,cut_red_sandstone,5,切制红砂岩
C,cut_red_sandstone_slab,7,切制红砂岩台阶
C,cut_sandstone,4,切制砂岩
C,cut_sandstone_slab,6,切制砂岩台阶
C,cyan_banner,4,青色旗帜
C,cyan_bed,3,青色床
C,cyan_bundle,5,青色收纳袋
C,cyan_candle,4,青色蜡烛
C,cyan_carpet,4,青色地毯
C,cyan_concrete,5,青色混凝土
C,cyan_concrete_powder,7,青色混凝土粉末
C,cyan_dye,4,青色染料
C,cyan_glazed_terracotta,6,青色带釉陶瓦
C,cyan_harness,4,青色挽具
C,cyan_shulker_box,5,青色潜影盒
C,cyan_stained_glass,6,青色染色玻璃
C,cyan_stained_glass_pane,7,青色染色玻璃板
C,cyan_terracotta,4,青色陶瓦
C,cyan_wool,4,青色羊毛
D,damaged_anvil,5,损坏的铁砧
D,dandelion,3,蒲公英
D,danger_pottery_sherd,6,危机纹样陶片
D,dark_oak_boat,5,深色橡木船
D,dark_oak_button,6,深色橡木按钮
D,dark_oak_chest_boat,7,深色橡木运输船
D,dark_oak_door,5,深色橡木门
D,dark_oak_fence,6,深色橡木栅栏
D,dark_oak_fence_gate,7,深色橡木栅栏门
D,dark_oak_hanging_sign,10,悬挂式深色橡木告示牌
D,dark_oak_leaves,6,深色橡树树叶
D,dark_oak_log,6,深色橡木原木
D,dark_oak_planks,6,深色橡木木板
D,dark_oak_pressure_plate,7,深色橡木压力板
D,dark_oak_sapling,6,深色橡树树苗
D,dark_oak_sign,7,深色橡木告示牌
D,dark_oak_slab,6,深色橡木台阶
D,dark_oak_stairs,6,深色橡木楼梯
D,dark_oak_trapdoor,7,深色橡木活板门
D,dark_oak_wood,4,深色橡木
D,dark_prismarine,4,暗海晶石
D,dark_prismarine_slab,6,暗海晶石台阶
D,dark_prismarine_stairs,6,暗海晶石楼梯
D,daylight_detector,5,阳光探测器
D,dead_brain_coral,7,失活的脑纹珊瑚
D,dead_brain_coral_block,8,失活的脑纹珊瑚块
D,dead_brain_coral_fan,8,失活的脑纹珊瑚扇
D,dead_bubble_coral,7,失活的气泡珊瑚
D,dead_bubble_coral_block,8,失活的气泡珊瑚块
D,dead_bubble_coral_fan,8,失活的气泡珊瑚扇
D,dead_bush,5,枯萎的灌木
D,dead_fire_coral,6,失活的火珊瑚
D,dead_fire_coral_block,7,失活的火珊瑚块
D,dead_fire_coral_fan,7,失活的火珊瑚扇
D,dead_horn_coral,7,失活的鹿角珊瑚
D,dead_horn_coral_block,8,失活的鹿角珊瑚块
D,dead_horn_coral_fan,8,失活的鹿角珊瑚扇
D,dead_tube_coral,6,失活的管珊瑚
D,dead_tube_coral_block,7,失活的管珊瑚块
D,dead_tube_coral_fan,7,失活的管珊瑚扇
D,decorated_pot,4,饰纹陶罐
D,deepslate,3,深板岩
D,deepslate_brick_slab,6,深板岩砖台阶
D,deepslate_brick_stairs,6,深板岩砖楼梯
D,deepslate_brick_wall,5,深板岩砖墙
D,deepslate_bricks,4,深板岩砖
D,deepslate_coal_ore,5,深层煤矿石
D,deepslate_copper_ore,5,深层铜矿石
D,deepslate_diamond_ore,6,深层钻石矿石
D,deepslate_emerald_ore,7,深层绿宝石矿石
D,deepslate_gold_ore,5,深层金矿石
D,deepslate_iron_ore,5,深层铁矿石
D,deepslate_lapis_ore,7,深层青金石矿石
D,deepslate_redstone_ore,6,深层红石矿石
D,deepslate_tile_slab,6,深板岩瓦台阶
D,deepslate_tile_stairs,6,深板岩瓦楼梯
D,deepslate_tile_wall,5,深板岩瓦墙
D,deepslate_tiles,4,深板岩瓦
D,detector_rail,4,探测铁轨
D,diamond,2,钻石
D,diamond_axe,3,钻石斧
D,diamond_block,3,钻石块
D,diamond_boots,4,钻石靴子
D,diamond_chestplate,4,钻石胸甲
D,diamond_helmet,4,钻石头盔
D,diamond_hoe,3,钻石锄
D,diamond_horse_armor,4,钻石马铠
D,diamond_leggings,4,钻石护腿
D,diamond_ore,4,钻石矿石
D,diamond_pickaxe,3,钻石镐
D,diamond_shovel,3,钻石锹
D,diamond_sword,3,钻石剑
D,diorite,3,闪长岩
D,diorite_slab,5,闪长岩台阶
D,diorite_stairs,5,闪长岩楼梯
D,diorite_wall,4,闪长岩墙
D,dirt,2,泥土
D,disc_fragment_5,4,唱片残片
D,dispenser,3,发射器
D,dragon_breath,2,龙息
D,dragon_egg,2,龙蛋
D,dragon_head,2,龙首
D,dried_ghast,4,失水恶魂
D,dried_kelp,3,干海带
D,dried_kelp_block,4,干海带块
D,dripstone_block,4,滴水石块
D,dropper,3,投掷器
D,dune_armor_trim_smithing_template,4,锻造模板
E,echo_shard,4,回响碎片
E,egg,2,鸡蛋
E,elytra,2,鞘翅
E,emerald,3,绿宝石
E,emerald_block,4,绿宝石块
E,emerald_ore,5,绿宝石矿石
E,enchanted_book,3,附魔书
E,enchanted_golden_apple,5,附魔金苹果
E,enchanting_table,3,附魔台
E,end_crystal,4,末地水晶
E,end_rod,3,末地烛
E,end_stone,3,末地石
E,end_stone_brick_slab,6,末地石砖台阶
E,end_stone_brick_stairs,6,末地石砖楼梯
E,end_stone_brick_wall,5,末地石砖墙
E,end_stone_bricks,4,末地石砖
E,ender_chest,3,末影箱
E,ender_eye,4,末影之眼
E,ender_pearl,4,末影珍珠
E,experience_bottle,4,附魔之瓶
E,explorer_pottery_sherd,6,探险纹样陶片
E,exposed_chiseled_copper,7,斑驳的雕纹铜块
E,exposed_copper,5,斑驳的铜块
E,exposed_copper_bulb,5,斑驳的铜灯
E,exposed_copper_door,5,斑驳的铜门
E,exposed_copper_grate,6,斑驳的铜格栅
E,exposed_copper_trapdoor,7,斑驳的铜活板门
E,exposed_cut_copper,7,斑驳的切制铜块
E,exposed_cut_copper_slab,8,斑驳的切制铜台阶
E,exposed_cut_copper_stairs,8,斑驳的切制铜楼梯
E,eye_armor_trim_smithing_template,4,锻造模板
F,feather,2,羽毛
F,fermented_spider_eye,4,发酵蛛眼
F,fern,1,蕨
F,field_masoned_banner_pattern,6,砖纹旗帜图案
F,filled_map,2,地图
F,fire_charge,3,火焰弹
F,fire_coral,3,火珊瑚
F,fire_coral_block,4,火珊瑚块
F,fire_coral_fan,4,火珊瑚扇
F,firefly_bush,6,萤火虫灌木丛
F,firework_rocket,4,烟花火箭
F,firework_star,4,烟火之星
F,fishing_rod,3,钓鱼竿
F,fletching_table,3,制箭台
F,flint,2,燧石
F,flint_and_steel,3,打火石
F,flow_armor_trim_smithing_template,4,锻造模板
F,flow_banner_pattern,4,旗帜图案
F,flow_pottery_sherd,6,涡流纹样陶片
F,flower_banner_pattern,4,旗帜图案
F,flower_pot,2,花盆
F,flowering_azalea,7,盛开的杜鹃花丛
F,flowering_azalea_leaves,7,盛开的杜鹃树叶
F,friend_pottery_sherd,6,挚友纹样陶片
F,frogspawn,3,青蛙卵
F,furnace,2,熔炉
F,furnace_minecart,4,动力矿车
G,ghast_tear,4,恶魂之泪
G,gilded_blackstone,4,镶金黑石
G,glass,2,玻璃
G,glass_bottle,3,玻璃瓶
G,glass_pane,3,玻璃板
G,glistering_melon_slice,6,闪烁的西瓜片
G,globe_banner_pattern,4,旗帜图案
G,glow_berries,4,发光浆果
G,glow_ink_sac,4,荧光墨囊
G,glow_item_frame,7,荧光物品展示框
G,glow_lichen,4,发光地衣
G,glowstone,2,荧石
G,glowstone_dust,3,荧石粉
G,goat_horn,3,山羊角
G,gold_block,2,金块
G,gold_ingot,2,金锭
G,gold_nugget,2,金粒
G,gold_ore,3,金矿石
G,golden_apple,3,金苹果
G,golden_axe,2,金斧
G,golden_boots,3,金靴子
G,golden_carrot,4,金胡萝卜
G,golden_chestplate,3,金胸甲
G,golden_helmet,3,金头盔
G,golden_hoe,2,金锄
G,golden_horse_armor,3,金马铠
G,golden_leggings,3,金护腿
G,golden_pickaxe,2,金镐
G,golden_shovel,2,金锹
G,golden_sword,2,金剑
G,granite,3,花岗岩
G,granite_slab,5,花岗岩台阶
G,granite_stairs,5,花岗岩楼梯
G,granite_wall,4,花岗岩墙
G,grass_block,3,草方块
G,gravel,2,沙砾
G,gray_banner,4,灰色旗帜
G,gray_bed,3,灰色床
G,gray_bundle,5,灰色收纳袋
G,gray_candle,4,灰色蜡烛
G,gray_carpet,4,灰色地毯
G,gray_concrete,5,灰色混凝土
G,gray_concrete_powder,7,灰色混凝土粉末
G,gray_dye,4,灰色染料
G,gray_glazed_terracotta,6,灰色带釉陶瓦
G,gray_harness,4,灰色挽具
G,gray_shulker_box,5,灰色潜影盒
G,gray_stained_glass,6,灰色染色玻璃
G,gray_stained_glass_pane,7,灰色染色玻璃板
G,gray_terracotta,4,灰色陶瓦
G,gray_wool,4,灰色羊毛
G,green_banner,4,绿色旗帜
G,green_bed,3,绿色床
G,green_bundle,5,绿色收纳袋
G,green_candle,4,绿色蜡烛
G,green_carpet,4,绿色地毯
G,green_concrete,5,绿色混凝土
G,green_concrete_powder,7,绿色混凝土粉末
G,green_dye,4,绿色染料
G,green_glazed_terracotta,6,绿色带釉陶瓦
G,green_harness,4,绿色挽具
G,green_shulker_box,5,绿色潜影盒
G,green_stained_glass,6,绿色染色玻璃
G,green_stained_glass_pane,7,绿色染色玻璃板
G,green_terracotta,4,绿色陶瓦
G,green_wool,4,绿色羊毛
G,grindstone,2,砂轮
G,gunpowder,2,火药
G,guster_banner_pattern,4,旗帜图案
G,guster_pottery_sherd,6,旋风纹样陶片
H,hanging_roots,2,垂根
H,hay_block,3,干草捆
H,heart_of_the_sea,4,海洋之心
H,heart_pottery_sherd,6,爱心纹样陶片
H,heartbreak_pottery_sherd,6,心碎纹样陶片
H,heavy_core,4,沉重核心
H,heavy_weighted_pressure_plate,7,重质测重压力板
H,honey_block,3,蜂蜜块
H,honey_bottle,3,蜂蜜瓶
H,honeycomb,2,蜜脾
H,honeycomb_block,3,蜜脾块
H,hopper,2,漏斗
H,hopper_minecart,4,漏斗矿车
H,horn_coral,4,鹿角珊瑚
H,horn_coral_block,5,鹿角珊瑚块
H,horn_coral_fan,5,鹿角珊瑚扇
H,host_armor_trim_smithing_template,4,锻造模板
H,howl_pottery_sherd,6,狼嚎纹样陶片
I,ice,1,冰
I,ink_sac,2,墨囊
I,iron_axe,2,铁斧
I,iron_bars,3,铁栏杆
I,iron_block,2,铁块
I,iron_boots,3,铁靴子
I,iron_chestplate,3,铁胸甲
I,iron_door,2,铁门
I,iron_helmet,3,铁头盔
I,iron_hoe,2,铁锄
I,iron_horse_armor,3,铁马铠
I,iron_ingot,2,铁锭
I,iron_leggings,3,铁护腿
I,iron_nugget,2,铁粒
I,iron_ore,3,铁矿石
I,iron_pickaxe,2,铁镐
I,iron_shovel,2,铁锹
I,iron_sword,2,铁剑
I,iron_trapdoor,4,铁活板门
I,item_frame,5,物品展示框
J,jack_o_lantern,3,南瓜灯
J,jigsaw,4,拼图方块
J,jukebox,3,唱片机
J,jungle_boat,4,丛林木船
J,jungle_button,5,丛林木按钮
J,jungle_chest_boat,6,丛林木运输船
J,jungle_door,4,丛林木门
J,jungle_fence,5,丛林木栅栏
J,jungle_fence_gate,6,丛林木栅栏门
J,jungle_hanging_sign,9,悬挂式丛林木告示牌
J,jungle_leaves,4,丛林树叶
J,jungle_log,4,丛林原木
J,jungle_planks,4,丛林木板
J,jungle_pressure_plate,6,丛林木压力板
J,jungle_sapling,4,丛林树苗
J,jungle_sign,6,丛林木告示牌
J,jungle_slab,5,丛林木台阶
J,jungle_stairs,5,丛林木楼梯
J,jungle_trapdoor,6,丛林木活板门
J,jungle_wood,3,丛林木
K,kelp,2,海带
L,ladder,2,梯子
L,lantern,2,灯笼
L,lapis_block,4,青金石块
L,lapis_lazuli,3,青金石
L,lapis_ore,5,青金石矿石
L,large_amethyst_bud,5,大型紫晶芽
L,large_fern,3,大型蕨
L,lava_bucket,3,熔岩桶
L,lead,2,拴绳
L,leaf_litter,2,枯叶
L,leather,2,皮革
L,leather_boots,4,皮革靴子
L,leather_chestplate,4,皮革外套
L,leather_helmet,4,皮革帽子
L,leather_horse_armor,4,皮革马铠
L,leather_leggings,4,皮革裤子
L,lectern,2,讲台
L,lever,2,拉杆
L,light_blue_banner,5,淡蓝色旗帜
L,light_blue_bed,4,淡蓝色床
L,light_blue_bundle,6,淡蓝色收纳袋
L,light_blue_candle,5,淡蓝色蜡烛
L,light_blue_carpet,5,淡蓝色地毯
L,light_blue_concrete,6,淡蓝色混凝土
L,light_blue_concrete_powder,8,淡蓝色混凝土粉末
L,light_blue_dye,5,淡蓝色染料
L,light_blue_glazed_terracotta,7,淡蓝色带釉陶瓦
L,light_blue_harness,5,淡蓝色挽具
L,light_blue_shulker_box,6,淡蓝色潜影盒
L,light_blue_stained_glass,7,淡蓝色染色玻璃
L,light_blue_stained_glass_pane,8,淡蓝色染色玻璃板
L,light_blue_terracotta,5,淡蓝色陶瓦
L,light_blue_wool,5,淡蓝色羊毛
L,light_gray_banner,5,淡灰色旗帜
L,light_gray_bed,4,淡灰色床
L,light_gray_bundle,6,淡灰色收纳袋
L,light_gray_candle,5,淡灰色蜡烛
L,light_gray_carpet,5,淡灰色地毯
L,light_gray_concrete,6,淡灰色混凝土
L,light_gray_concrete_powder,8,淡灰色混凝土粉末
L,light_gray_dye,5,淡灰色染料
L,light_gray_glazed_terracotta,7,淡灰色带釉陶瓦
L,light_gray_harness,5,淡灰色挽具
L,light_gray_shulker_box,6,淡灰色潜影盒
L,light_gray_stained_glass,7,淡灰色染色玻璃
L,light_gray_stained_glass_pane,8,淡灰色染色玻璃板
L,light_gray_terracotta,5,淡灰色陶瓦
L,light_gray_wool,5,淡灰色羊毛
L,light_weighted_pressure_plate,7,轻质测重压力板
L,lightning_rod,3,避雷针
L,lilac,2,丁香
L,lily_of_the_valley,2,铃兰
L,lily_pad,2,睡莲
L,lime_banner,5,黄绿色旗帜
L,lime_bed,4,黄绿色床
L,lime_bundle,6,黄绿色收纳袋
L,lime_candle,5,黄绿色蜡烛
L,lime_carpet,5,黄绿色地毯
L,lime_concrete,6,黄绿色混凝土
L,lime_concrete_powder,8,黄绿色混凝土粉末
L,lime_dye,5,黄绿色染料
L,lime_glazed_terracotta,7,黄绿色带釉陶瓦
L,lime_harness,5,黄绿色挽具
L,lime_shulker_box,6,黄绿色潜影盒
L,lime_stained_glass,7,黄绿色染色玻璃
L,lime_stained_glass_pane,8,黄绿色染色玻璃板
L,lime_terracotta,5,黄绿色陶瓦
L,lime_wool,5,黄绿色羊毛
L,lingering_potion,4,滞留药水
L,lodestone,2,磁石
L,loom,3,织布机
M,mace,2,重锤
M,magenta_banner,5,品红色旗帜
M,magenta_bed,4,品红色床
M,magenta_bundle,6,品红色收纳袋
M,magenta_candle,5,品红色蜡烛
M,magenta_carpet,5,品红色地毯
M,magenta_concrete,6,品红色混凝土
M,magenta_concrete_powder,8,品红色混凝土粉末
M,magenta_dye,5,品红色染料
M,magenta_glazed_terracotta,7,品红色带釉陶瓦
M,magenta_harness,5,品红色挽具
M,magenta_shulker_box,6,品红色潜影盒
M,magenta_stained_glass,7,品红色染色玻璃
M,magenta_stained_glass_pane,8,品红色染色玻璃板
M,magenta_terracotta,5,品红色陶瓦
M,magenta_wool,5,品红色羊毛
M,magma_block,3,岩浆块
M,magma_cream,3,岩浆膏
M,mangrove_boat,4,红树木船
M,mangrove_button,5,红树木按钮
M,mangrove_chest_boat,6,红树木运输船
M,mangrove_door,4,红树木门
M,mangrove_fence,5,红树木栅栏
M,mangrove_fence_gate,6,红树木栅栏门
M,mangrove_hanging_sign,9,悬挂式红树木告示牌
M,mangrove_leaves,4,红树树叶
M,mangrove_log,4,红树原木
M,mangrove_planks,4,红树木板
M,mangrove_pressure_plate,6,红树木压力板
M,mangrove_propagule,5,红树胎生苗
M,mangrove_roots,3,红树根
M,mangrove_sign,6,红树木告示牌
M,mangrove_slab,5,红树木台阶
M,mangrove_stairs,5,红树木楼梯
M,mangrove_trapdoor,6,红树木活板门
M,mangrove_wood,3,红树木
M,map,3,空地图
M,medium_amethyst_bud,5,中型紫晶芽
M,melon,2,西瓜
M,melon_seeds,4,西瓜种子
M,melon_slice,3,西瓜片
M,milk_bucket,2,奶桶
M,minecart,2,矿车
M,miner_pottery_sherd,6,采矿纹样陶片
M,mojang_banner_pattern,4,旗帜图案
M,moss_block,3,苔藓块
M,moss_carpet,4,覆地苔藓
M,mossy_cobblestone,2,苔石
M,mossy_cobblestone_slab,4,苔石台阶
M,mossy_cobblestone_stairs,4,苔石楼梯
M,mossy_cobblestone_wall,3,苔石墙
M,mossy_stone_brick_slab,5,苔石砖台阶
M,mossy_stone_brick_stairs,5,苔石砖楼梯
M,mossy_stone_brick_wall,4,苔石砖墙
M,mossy_stone_bricks,3,苔石砖
M,mourner_pottery_sherd,6,悲恸纹样陶片
M,mud,2,泥巴
M,mud_brick_slab,4,泥砖台阶
M,mud_brick_stairs,4,泥砖楼梯
M,mud_brick_wall,3,泥砖墙
M,mud_bricks,2,泥砖
M,muddy_mangrove_roots,6,沾泥的红树根
M,mushroom_stem,3,蘑菇柄
M,mushroom_stew,3,蘑菇煲
M,music_disc_11,4,音乐唱片
M,music_disc_13,4,音乐唱片
M,music_disc_5,4,音乐唱片
M,music_disc_blocks,4,音乐唱片
M,music_disc_cat,4,音乐唱片
M,music_disc_chirp,4,音乐唱片
M,music_disc_creator,4,音乐唱片
M,music_disc_creator_music_box,4,音乐唱片
M,music_disc_far,4,音乐唱片
M,music_disc_mall,4,音乐唱片
M,music_disc_mellohi,4,音乐唱片
M,music_disc_otherside,4,音乐唱片
M,music_disc_pigstep,4,音乐唱片
M,music_disc_precipice,4,音乐唱片
M,music_disc_relic,4,音乐唱片
M,music_disc_stal,4,音乐唱片
M,music_disc_strad,4,音乐唱片
M,music_disc_tears,4,音乐唱片
M,music_disc_wait,4,音乐唱片
M,music_disc_ward,4,音乐唱片
M,mutton,3,生羊肉
M,mycelium,3,菌丝体
N,name_tag,3,命名牌
N,nautilus_shell,4,鹦鹉螺壳
N,nether_brick,3,下界砖
N,nether_brick_fence,5,下界砖栅栏
N,nether_brick_slab,5,下界砖台阶
N,nether_brick_stairs,5,下界砖楼梯
N,nether_brick_wall,4,下界砖墙
N,nether_bricks,4,下界砖块
N,nether_gold_ore,5,下界金矿石
N,nether_quartz_ore,6,下界石英矿石
N,nether_sprouts,3,下界苗
N,nether_star,4,下界之星
N,nether_wart,3,下界疣
N,nether_wart_block,4,下界疣块
N,netherite_axe,5,下界合金斧
N,netherite_block,5,下界合金块
N,netherite_boots,6,下界合金靴子
N,netherite_chestplate,6,下界合金胸甲
N,netherite_helmet,6,下界合金头盔
N,netherite_hoe,5,下界合金锄
N,netherite_ingot,5,下界合金锭
N,netherite_leggings,6,下界合金护腿
N,netherite_pickaxe,5,下界合金镐
N,netherite_scrap,6,下界合金碎片
N,netherite_shovel,5,下界合金锹
N,netherite_sword,5,下界合金剑
N,netherite_upgrade_smithing_template,4,锻造模板
N,netherrack,3,下界岩
N,note_block,3,音符盒
O,oak_boat,3,橡木船
O,oak_button,4,橡木按钮
O,oak_chest_boat,5,橡木运输船
O,oak_door,3,橡木门
O,oak_fence,4,橡木栅栏
O,oak_fence_gate,5,橡木栅栏门
O,oak_hanging_sign,8,悬挂式橡木告示牌
O,oak_leaves,4,橡树树叶
O,oak_log,4,橡木原木
O,oak_planks,4,橡木木板
O,oak_pressure_plate,5,橡木压力板
O,oak_sapling,4,橡树树苗
O,oak_sign,5,橡木告示牌
O,oak_slab,4,橡木台阶
O,oak_stairs,4,橡木楼梯
O,oak_trapdoor,5,橡木活板门
O,oak_wood,2,橡木
O,observer,3,侦测器
O,obsidian,3,黑曜石
O,ochre_froglight,5,赭黄蛙明灯
O,ominous_bottle,4,不祥之瓶
O,ominous_trial_key,6,不祥试炼钥匙
O,open_eyeblossom,6,张开的眼眸花
O,orange_banner,4,橙色旗帜
O,orange_bed,3,橙色床
O,orange_bundle,5,橙色收纳袋
O,orange_candle,4,橙色蜡烛
O,orange_carpet,4,橙色地毯
O,orange_concrete,5,橙色混凝土
O,orange_concrete_powder,7,橙色混凝土粉末
O,orange_dye,4,橙色染料
O,orange_glazed_terracotta,6,橙色带釉陶瓦
O,orange_harness,4,橙色挽具
O,orange_shulker_box,5,橙色潜影盒
O,orange_stained_glass,6,橙色染色玻璃
O,orange_stained_glass_pane,7,橙色染色玻璃板
O,orange_terracotta,4,橙色陶瓦
O,orange_tulip,5,橙色郁金香
O,orange_wool,4,橙色羊毛
O,oxeye_daisy,2,滨菊
O,oxidized_chiseled_copper,7,氧化的雕纹铜块
O,oxidized_copper,5,氧化的铜块
O,oxidized_copper_bulb,5,氧化的铜灯
O,oxidized_copper_door,5,氧化的铜门
O,oxidized_copper_grate,6,氧化的铜格栅
O,oxidized_copper_trapdoor,7,氧化的铜活板门
O,oxidized_cut_copper,7,氧化的切制铜块
O,oxidized_cut_copper_slab,8,氧化的切制铜台阶
O,oxidized_cut_copper_stairs,8,氧化的切制铜楼梯
P,packed_ice,2,浮冰
P,packed_mud,2,泥坯
P,painting,1,画
P,pale_hanging_moss,4,苍白垂须
P,pale_moss_block,5,苍白苔藓块
P,pale_moss_carpet,6,苍白覆地苔藓
P,pale_oak_boat,5,苍白橡木船
P,pale_oak_button,6,苍白橡木按钮
P,pale_oak_chest_boat,7,苍白橡木运输船
P,pale_oak_door,5,苍白橡木门
P,pale_oak_fence,6,苍白橡木栅栏
P,pale_oak_fence_gate,7,苍白橡木栅栏门
P,pale_oak_hanging_sign,10,悬挂式苍白橡木告示牌
P,pale_oak_leaves,6,苍白橡树树叶
P,pale_oak_log,6,苍白橡木原木
P,pale_oak_planks,6,苍白橡木木板
P,pale_oak_pressure_plate,7,苍白橡木压力板
P,pale_oak_sapling,6,苍白橡树树苗
P,pale_oak_sign,7,苍白橡木告示牌
P,pale_oak_slab,6,苍白橡木台阶
P,pale_oak_stairs,6,苍白橡木楼梯
P,pale_oak_trapdoor,7,苍白橡木活板门
P,pale_oak_wood,4,苍白橡木
P,paper,1,纸
P,pearlescent_froglight,5,珠光蛙明灯
P,peony,2,牡丹
P,phantom_membrane,3,幻翼膜
P,piglin_banner_pattern,4,旗帜图案
P,piglin_head,4,猪灵的头
P,pink_banner,5,粉红色旗帜
P,pink_bed,4,粉红色床
P,pink_bundle,6,粉红色收纳袋
P,pink_candle,5,粉红色蜡烛
P,pink_carpet,5,粉红色地毯
P,pink_concrete,6,粉红色混凝土
P,pink_concrete_powder,8,粉红色混凝土粉末
P,pink_dye,5,粉红色染料
P,pink_glazed_terracotta,7,粉红色带釉陶瓦
P,pink_harness,5,粉红色挽具
P,pink_petals,5,粉红色花簇
P,pink_shulker_box,6,粉红色潜影盒
P,pink_stained_glass,7,粉红色染色玻璃
P,pink_stained_glass_pane,8,粉红色染色玻璃板
P,pink_terracotta,5,粉红色陶瓦
P,pink_tulip,6,粉红色郁金香
P,pink_wool,5,粉红色羊毛
P,piston,2,活塞
P,pitcher_plant,3,瓶子草
P,pitcher_pod,5,瓶子草荚果
P,plenty_pottery_sherd,6,富饶纹样陶片
P,podzol,3,灰化土
P,pointed_dripstone,4,滴水石锥
P,poisonous_potato,4,毒马铃薯
P,polished_andesite,5,磨制安山岩
P,polished_andesite_slab,7,磨制安山岩台阶
P,polished_andesite_stairs,7,磨制安山岩楼梯
P,polished_basalt,5,磨制玄武岩
P,polished_blackstone,4,磨制黑石
P,polished_blackstone_brick_slab,7,磨制黑石砖台阶
P,polished_blackstone_brick_stairs,7,磨制黑石砖楼梯
P,polished_blackstone_brick_wall,6,磨制黑石砖墙
P,polished_blackstone_bricks,5,磨制黑石砖
P,polished_blackstone_button,6,磨制黑石按钮
P,polished_blackstone_pressure_plate,7,磨制黑石压力板
P,polished_blackstone_slab,6,磨制黑石台阶
P,polished_blackstone_stairs,6,磨制黑石楼梯
P,polished_blackstone_wall,5,磨制黑石墙
P,polished_deepslate,5,磨制深板岩
P,polished_deepslate_slab,7,磨制深板岩台阶
P,polished_deepslate_stairs,7,磨制深板岩楼梯
P,polished_deepslate_wall,6,磨制深板岩墙
P,polished_diorite,5,磨制闪长岩
P,polished_diorite_slab,7,磨制闪长岩台阶
P,polished_diorite_stairs,7,磨制闪长岩楼梯
P,polished_granite,5,磨制花岗岩
P,polished_granite_slab,7,磨制花岗岩台阶
P,polished_granite_stairs,7,磨制花岗岩楼梯
P,polished_tuff,5,磨制凝灰岩
P,polished_tuff_slab,7,磨制凝灰岩台阶
P,polished_tuff_stairs,7,磨制凝灰岩楼梯
P,polished_tuff_wall,6,磨制凝灰岩墙
P,popped_chorus_fruit,5,爆裂紫颂果
P,poppy,3,虞美人
P,porkchop,3,生猪排
P,potato,3,马铃薯
P,potion,2,药水
P,powder_snow_bucket,3,细雪桶
P,powered_rail,4,动力铁轨
P,prismarine,3,海晶石
P,prismarine_brick_slab,6,海晶石砖台阶
P,prismarine_brick_stairs,6,海晶石砖楼梯
P,prismarine_bricks,4,海晶石砖
P,prismarine_crystals,4,海晶砂粒
P,prismarine_shard,4,海晶碎片
P,prismarine_slab,5,海晶石台阶
P,prismarine_stairs,5,海晶石楼梯
P,prismarine_wall,4,海晶石墙
P,prize_pottery_sherd,6,珍宝纹样陶片
P,pufferfish,2,河豚
P,pufferfish_bucket,3,河豚桶
P,pumpkin,2,南瓜
P,pumpkin_pie,3,南瓜派
P,pumpkin_seeds,4,南瓜种子
P,purple_banner,4,紫色旗帜
P,purple_bed,3,紫色床
P,purple_bundle,5,紫色收纳袋
P,purple_candle,4,紫色蜡烛
P,purple_carpet,4,紫色地毯
P,purple_concrete,5,紫色混凝土
P,purple_concrete_powder,7,紫色混凝土粉末
P,purple_dye,4,紫色染料
P,purple_glazed_terracotta,6,紫色带釉陶瓦
P,purple_harness,4,紫色挽具
P,purple_shulker_box,5,紫色潜影盒
P,purple_stained_glass,6,紫色染色玻璃
P,purple_stained_glass_pane,7,紫色染色玻璃板
P,purple_terracotta,4,紫色陶瓦
P,purple_wool,4,紫色羊毛
P,purpur_block,3,紫珀块
P,purpur_pillar,3,紫珀柱
P,purpur_slab,4,紫珀台阶
P,purpur_stairs,4,紫珀楼梯
Q,quartz,4,下界石英
Q,quartz_block,3,石英块
Q,quartz_bricks,3,石英砖
Q,quartz_pillar,3,石英柱
Q,quartz_slab,4,石英台阶
Q,quartz_stairs,4,石英楼梯
R,rabbit,3,生兔肉
R,rabbit_foot,3,兔子脚
R,rabbit_hide,3,兔子皮
R,rabbit_stew,3,兔肉煲
R,rail,2,铁轨
R,raiser_armor_trim_smithing_template,4,锻造模板
R,raw_copper,2,粗铜
R,raw_copper_block,3,粗铜块
R,raw_gold,2,粗金
R,raw_gold_block,3,粗金块
R,raw_iron,2,粗铁
R,raw_iron_block,3,粗铁块
R,recovery_compass,4,追溯指针
R,red_banner,4,红色旗帜
R,red_bed,3,红色床
R,red_bundle,5,红色收纳袋
R,red_candle,4,红色蜡烛
R,red_carpet,4,红色地毯
R,red_concrete,5,红色混凝土
R,red_concrete_powder,7,红色混凝土粉末
R,red_dye,4,红色染料
R,red_glazed_terracotta,6,红色带釉陶瓦
R,red_harness,4,红色挽具
R,red_mushroom,4,红色蘑菇
R,red_mushroom_block,6,红色蘑菇方块
R,red_nether_brick_slab,7,红色下界砖台阶
R,red_nether_brick_stairs,7,红色下界砖楼梯
R,red_nether_brick_wall,6,红色下界砖墙
R,red_nether_bricks,6,红色下界砖块
R,red_sand,2,红沙
R,red_sandstone,3,红砂岩
R,red_sandstone_slab,5,红砂岩台阶
R,red_sandstone_stairs,5,红砂岩楼梯
R,red_sandstone_wall,4,红砂岩墙
R,red_shulker_box,5,红色潜影盒
R,red_stained_glass,6,红色染色玻璃
R,red_stained_glass_pane,7,红色染色玻璃板
R,red_terracotta,4,红色陶瓦
R,red_tulip,5,红色郁金香
R,red_wool,4,红色羊毛
R,redstone,3,红石粉
R,redstone_block,3,红石块
R,redstone_lamp,3,红石灯
R,redstone_ore,4,红石矿石
R,redstone_torch,4,红石火把
R,repeater,5,红石中继器
R,resin_block,3,树脂块
R,resin_brick,3,树脂砖
R,resin_brick_slab,5,树脂砖台阶
R,resin_brick_stairs,5,树脂砖楼梯
R,resin_brick_wall,4,树脂砖墙
R,resin_bricks,4,树脂砖块
R,resin_clump,3,树脂团
R,respawn_anchor,3,重生锚
R,rib_armor_trim_smithing_template,4,锻造模板
R,rooted_dirt,4,缠根泥土
R,rose_bush,3,玫瑰丛
R,rotten_flesh,2,腐肉
S,saddle,1,鞍
S,salmon,3,生鲑鱼
S,salmon_bucket,3,鲑鱼桶
S,sand,2,沙子
S,sandstone,2,砂岩
S,sandstone_slab,4,砂岩台阶
S,sandstone_stairs,4,砂岩楼梯
S,sandstone_wall,3,砂岩墙
S,scaffolding,3,脚手架
S,scrape_pottery_sherd,6,刮削纹样陶片
S,sculk,3,幽匿块
S,sculk_catalyst,5,幽匿催发体
S,sculk_sensor,5,幽匿感测体
S,sculk_shrieker,5,幽匿尖啸体
S,sculk_vein,4,幽匿脉络
S,sea_lantern,3,海晶灯
S,sea_pickle,3,海泡菜
S,seagrass,2,海草
S,sentry_armor_trim_smithing_template,4,锻造模板
S,shaper_armor_trim_smithing_template,4,锻造模板
S,sheaf_pottery_sherd,6,麦捆纹样陶片
S,shears,2,剪刀
S,shelter_pottery_sherd,6,树荫纹样陶片
S,shield,2,盾牌
S,short_dry_grass,4,矮枯草丛
S,short_grass,3,矮草丛
S,shroomlight,3,菌光体
S,shulker_box,3,潜影盒
S,shulker_shell,3,潜影壳
S,silence_armor_trim_smithing_template,4,锻造模板
S,skeleton_skull,4,骷髅头颅
S,skull_banner_pattern,4,旗帜图案
S,skull_pottery_sherd,6,头颅纹样陶片
S,slime_ball,3,黏液球
S,slime_block,3,黏液块
S,small_amethyst_bud,5,小型紫晶芽
S,small_dripleaf,5,小型垂滴叶
S,smithing_table,3,锻造台
S,smoker,3,烟熏炉
S,smooth_basalt,5,平滑玄武岩
S,smooth_quartz,5,平滑石英块
S,smooth_quartz_slab,6,平滑石英台阶
S,smooth_quartz_stairs,6,平滑石英楼梯
S,smooth_red_sandstone,5,平滑红砂岩
S,smooth_red_sandstone_slab,7,平滑红砂岩台阶
S,smooth_red_sandstone_stairs,7,平滑红砂岩楼梯
S,smooth_sandstone,4,平滑砂岩
S,smooth_sandstone_slab,6,平滑砂岩台阶
S,smooth_sandstone_stairs,6,平滑砂岩楼梯
S,smooth_stone,4,平滑石头
S,smooth_stone_slab,6,平滑石头台阶
S,sniffer_egg,4,嗅探兽蛋
S,snort_pottery_sherd,6,嗅探纹样陶片
S,snout_armor_trim_smithing_template,4,锻造模板
S,snow,1,雪
S,snow_block,2,雪块
S,snowball,2,雪球
S,soul_campfire,4,灵魂营火
S,soul_lantern,4,灵魂灯笼
S,soul_sand,3,灵魂沙
S,soul_soil,3,灵魂土
S,soul_torch,4,灵魂火把
S,spawner,3,刷怪笼
S,spectral_arrow,3,光灵箭
S,spider_eye,3,蜘蛛眼
S,spire_armor_trim_smithing_template,4,锻造模板
S,splash_potion,4,喷溅药水
S,sponge,2,海绵
S,spore_blossom,3,孢子花
S,spruce_boat,4,云杉木船
S,spruce_button,5,云杉木按钮
S,spruce_chest_boat,6,云杉木运输船
S,spruce_door,4,云杉木门
S,spruce_fence,5,云杉木栅栏
S,spruce_fence_gate,6,云杉木栅栏门
S,spruce_hanging_sign,9,悬挂式云杉木告示牌
S,spruce_leaves,4,云杉树叶
S,spruce_log,4,云杉原木
S,spruce_planks,4,云杉木板
S,spruce_pressure_plate,6,云杉木压力板
S,spruce_sapling,4,云杉树苗
S,spruce_sign,6,云杉木告示牌
S,spruce_slab,5,云杉木台阶
S,spruce_stairs,5,云杉木楼梯
S,spruce_trapdoor,6,云杉木活板门
S,spruce_wood,3,云杉木
S,spyglass,3,望远镜
S,stick,2,木棍
S,sticky_piston,4,黏性活塞
S,stone,2,石头
S,stone_axe,2,石斧
S,stone_brick_slab,4,石砖台阶
S,stone_brick_stairs,4,石砖楼梯
S,stone_brick_wall,3,石砖墙
S,stone_bricks,2,石砖
S,stone_button,4,石头按钮
S,stone_hoe,2,石锄
S,stone_pickaxe,2,石镐
S,stone_pressure_plate,5,石头压力板
S,stone_shovel,2,石锹
S,stone_slab,4,石头台阶
S,stone_stairs,4,石头楼梯
S,stone_sword,2,石剑
S,stonecutter,3,切石机
S,string,1,线
S,stripped_acacia_log,7,去皮金合欢原木
S,stripped_acacia_wood,6,去皮金合欢木
S,stripped_bamboo_block,4,去皮竹块
S,stripped_birch_log,6,去皮白桦原木
S,stripped_birch_wood,5,去皮白桦木
S,stripped_cherry_log,6,去皮樱花原木
S,stripped_cherry_wood,5,去皮樱花木
S,stripped_crimson_hyphae,6,去皮绯红菌核
S,stripped_crimson_stem,6,去皮绯红菌柄
S,stripped_dark_oak_log,8,去皮深色橡木原木
S,stripped_dark_oak_wood,6,去皮深色橡木
S,stripped_jungle_log,6,去皮丛林原木
S,stripped_jungle_wood,5,去皮丛林木
S,stripped_mangrove_log,6,去皮红树原木
S,stripped_mangrove_wood,5,去皮红树木
S,stripped_oak_log,6,去皮橡木原木
S,stripped_oak_wood,4,去皮橡木
S,stripped_pale_oak_log,8,去皮苍白橡木原木
S,stripped_pale_oak_wood,6,去皮苍白橡木
S,stripped_spruce_log,6,去皮云杉原木
S,stripped_spruce_wood,5,去皮云杉木
S,stripped_warped_hyphae,6,去皮诡异菌核
S,stripped_warped_stem,6,去皮诡异菌柄
S,structure_block,4,结构方块
S,structure_void,4,结构空位
S,sugar,1,糖
S,sugar_cane,2,甘蔗
S,sunflower,3,向日葵
S,suspicious_gravel,5,可疑的沙砾
S,suspicious_sand,5,可疑的沙子
S,suspicious_stew,4,谜之炖菜
S,sweet_berries,3,甜浆果
T,tadpole_bucket,3,蝌蚪桶
T,tall_dry_grass,4,高枯草丛
T,tall_grass,3,高草丛
T,target,2,标靶
T,terracotta,2,陶瓦
T,tide_armor_trim_smithing_template,4,锻造模板
T,tinted_glass,4,遮光玻璃
T,tipped_arrow,2,药箭
T,tnt,3,TNT
T,tnt_minecart,5,TNT矿车
T,torch,2,火把
T,torchflower,3,火把花
T,torchflower_seeds,5,火把花种子
T,totem_of_undying,4,不死图腾
T,trapped_chest,3,陷阱箱
T,trial_key,4,试炼钥匙
T,trial_spawner,5,试炼刷怪笼
T,trident,3,三叉戟
T,tripwire_hook,3,绊线钩
T,tropical_fish,3,热带鱼
T,tropical_fish_bucket,4,热带鱼桶
T,tube_coral,3,管珊瑚
T,tube_coral_block,4,管珊瑚块
T,tube_coral_fan,4,管珊瑚扇
T,tuff,3,凝灰岩
T,tuff_brick_slab,6,凝灰岩砖台阶
T,tuff_brick_stairs,6,凝灰岩砖楼梯
T,tuff_brick_wall,5,凝灰岩砖墙
T,tuff_bricks,4,凝灰岩砖
T,tuff_slab,5,凝灰岩台阶
T,tuff_stairs,5,凝灰岩楼梯
T,tuff_wall,4,凝灰岩墙
T,turtle_egg,3,海龟蛋
T,turtle_helmet,3,海龟壳
T,turtle_scute,4,海龟鳞甲
T,twisting_vines,3,缠怨藤
V,vault,2,宝库
V,verdant_froglight,5,青翠蛙明灯
V,vex_armor_trim_smithing_template,4,锻造模板
V,vine,2,藤蔓
W,ward_armor_trim_smithing_template,4,锻造模板
W,warped_button,5,诡异木按钮
W,warped_door,4,诡异木门
W,warped_fence,5,诡异木栅栏
W,warped_fence_gate,6,诡异木栅栏门
W,warped_fungus,3,诡异菌
W,warped_fungus_on_a_stick,5,诡异菌钓竿
W,warped_hanging_sign,9,悬挂式诡异木告示牌
W,warped_hyphae,4,诡异菌核
W,warped_nylium,4,诡异菌岩
W,warped_planks,4,诡异木板
W,warped_pressure_plate,6,诡异木压力板
W,warped_roots,4,诡异菌索
W,warped_sign,6,诡异木告示牌
W,warped_slab,5,诡异木台阶
W,warped_stairs,5,诡异木楼梯
W,warped_stem,4,诡异菌柄
W,warped_trapdoor,6,诡异木活板门
W,warped_wart_block,4,诡异疣块
W,water_bucket,2,水桶
W,waxed_chiseled_copper,7,涂蜡的雕纹铜块
W,waxed_copper_block,5,涂蜡的铜块
W,waxed_copper_bulb,5,涂蜡的铜灯
W,waxed_copper_door,5,涂蜡的铜门
W,waxed_copper_grate,6,涂蜡的铜格栅
W,waxed_copper_trapdoor,7,涂蜡的铜活板门
W,waxed_cut_copper,7,涂蜡的切制铜块
W,waxed_cut_copper_slab,8,涂蜡的切制铜台阶
W,waxed_cut_copper_stairs,8,涂蜡的切制铜楼梯
W,waxed_exposed_chiseled_copper,9,涂蜡的斑驳雕纹铜块
W,waxed_exposed_copper,7,涂蜡的斑驳铜块
W,waxed_exposed_copper_bulb,7,涂蜡的斑驳铜灯
W,waxed_exposed_copper_door,7,涂蜡的斑驳铜门
W,waxed_exposed_copper_grate,8,涂蜡的斑驳铜格栅
W,waxed_exposed_copper_trapdoor,9,涂蜡的斑驳铜活板门
W,waxed_exposed_cut_copper,9,涂蜡的斑驳切制铜块
W,waxed_exposed_cut_copper_slab,10,涂蜡的斑驳切制铜台阶
W,waxed_exposed_cut_copper_stairs,10,涂蜡的斑驳切制铜楼梯
W,waxed_oxidized_chiseled_copper,9,涂蜡的氧化雕纹铜块
W,waxed_oxidized_copper,7,涂蜡的氧化铜块
W,waxed_oxidized_copper_bulb,7,涂蜡的氧化铜灯
W,waxed_oxidized_copper_door,7,涂蜡的氧化铜门
W,waxed_oxidized_copper_grate,8,涂蜡的氧化铜格栅
W,waxed_oxidized_copper_trapdoor,9,涂蜡的氧化铜活板门
W,waxed_oxidized_cut_copper,9,涂蜡的氧化切制铜块
W,waxed_oxidized_cut_copper_slab,10,涂蜡的氧化切制铜台阶
W,waxed_oxidized_cut_copper_stairs,10,涂蜡的氧化切制铜楼梯
W,waxed_weathered_chiseled_copper,9,涂蜡的锈蚀雕纹铜块
W,waxed_weathered_copper,7,涂蜡的锈蚀铜块
W,waxed_weathered_copper_bulb,7,涂蜡的锈蚀铜灯
W,waxed_weathered_copper_door,7,涂蜡的锈蚀铜门
W,waxed_weathered_copper_grate,8,涂蜡的锈蚀铜格栅
W,waxed_weathered_copper_trapdoor,9,涂蜡的锈蚀铜活板门
W,waxed_weathered_cut_copper,9,涂蜡的锈蚀切制铜块
W,waxed_weathered_cut_copper_slab,10,涂蜡的锈蚀切制铜台阶
W,waxed_weathered_cut_copper_stairs,10,涂蜡的锈蚀切制铜楼梯
W,wayfinder_armor_trim_smithing_template,4,锻造模板
W,weathered_chiseled_copper,7,锈蚀的雕纹铜块
W,weathered_copper,5,锈蚀的铜块
W,weathered_copper_bulb,5,锈蚀的铜灯
W,weathered_copper_door,5,锈蚀的铜门
W,weathered_copper_grate,6,锈蚀的铜格栅
W,weathered_copper_trapdoor,7,锈蚀的铜活板门
W,weathered_cut_copper,7,锈蚀的切制铜块
W,weathered_cut_copper_slab,8,锈蚀的切制铜台阶
W,weathered_cut_copper_stairs,8,锈蚀的切制铜楼梯
W,weeping_vines,3,垂泪藤
W,wet_sponge,3,湿海绵
W,wheat,2,小麦
W,wheat_seeds,4,小麦种子
W,white_banner,4,白色旗帜
W,white_bed,3,白色床
W,white_bundle,5,白色收纳袋
W,white_candle,4,白色蜡烛
W,white_carpet,4,白色地毯
W,white_concrete,5,白色混凝土
W,white_concrete_powder,7,白色混凝土粉末
W,white_dye,4,白色染料
W,white_glazed_terracotta,6,白色带釉陶瓦
W,white_harness,4,白色挽具
W,white_shulker_box,5,白色潜影盒
W,white_stained_glass,6,白色染色玻璃
W,white_stained_glass_pane,7,白色染色玻璃板
W,white_terracotta,4,白色陶瓦
W,white_tulip,5,白色郁金香
W,white_wool,4,白色羊毛
W,wild_armor_trim_smithing_template,4,锻造模板
W,wildflowers,3,野花簇
W,wind_charge,2,风弹
W,wither_rose,4,凋灵玫瑰
W,wither_skeleton_skull,6,凋灵骷髅头颅
W,wolf_armor,2,狼铠
W,wooden_axe,2,木斧
W,wooden_hoe,2,木锄
W,wooden_pickaxe,2,木镐
W,wooden_shovel,2,木锹
W,wooden_sword,2,木剑
W,writable_book,3,书与笔
W,written_book,2,成书
Y,yellow_banner,4,黄色旗帜
Y,yellow_bed,3,黄色床
Y,yellow_bundle,5,黄色收纳袋
Y,yellow_candle,4,黄色蜡烛
Y,yellow_carpet,4,黄色地毯
Y,yellow_concrete,5,黄色混凝土
Y,yellow_concrete_powder,7,黄色混凝土粉末
Y,yellow_dye,4,黄色染料
Y,yellow_glazed_terracotta,6,黄色带釉陶瓦
Y,yellow_harness,4,黄色挽具
Y,yellow_shulker_box,5,黄色潜影盒
Y,yellow_stained_glass,6,黄色染色玻璃
Y,yellow_stained_glass_pane,7,黄色染色玻璃板
Y,yellow_terracotta,4,黄色陶瓦
Y,yellow_wool,4,黄色羊毛
Z,zombie_head,4,僵尸的头
